Workbook

Sheet Items
A1: SKU | B1: Description | C1: Category | D1: Unit Cost | E1: Reorder Point | F1: Reorder Qty | G1: Supplier
A2: SKU-1001 | B2: Ceramic mug 350ml | C2: Drinkware | D2: 3.2 | E2: 40 | F2: 120 | G2: Northgate Supplies
A3: SKU-1002 | B3: Steel water bottle 750ml | C3: Drinkware | D3: 7.85 | E3: 25 | F3: 80 | G3: Northgate Supplies
A4: SKU-1003 | B4: Cotton tote bag | C4: Bags | D4: 2.4 | E4: 60 | F4: 200 | G4: Weaver & Co
A5: SKU-1004 | B5: Laptop sleeve 14in | C5: Bags | D5: 11.5 | E5: 15 | F5: 50 | G5: Weaver & Co
A6: SKU-1005 | B6: Notebook A5 dotted | C6: Stationery | D6: 1.95 | E6: 100 | F6: 300 | G6: Paper Mill Ltd
A7: SKU-1006 | B7: Gel pen black | C7: Stationery | D7: 0.45 | E7: 200 | F7: 500 | G7: Paper Mill Ltd
A8: SKU-1007 | B8: Desk lamp LED | C8: Lighting | D8: 16 | E8: 10 | F8: 40 | G8: Brightline
A9: SKU-1008 | B9: Cable organiser pack | C9: Desk | D9: 4.75 | E9: 30 | F9: 100 | G9: Brightline

Sheet Movements
A1: Date | B1: SKU | C1: Type | D1: Qty | E1: Reference
A2: 46235 | B2: SKU-1001 | C2: IN | D2: 200 | E2: PO-4401
A3: 46236 | B3: SKU-1002 | C3: IN | D3: 100 | E3: PO-4402
A4: 46237 | B4: SKU-1003 | C4: IN | D4: 300 | E4: PO-4403
A5: 46238 | B5: SKU-1001 | C5: OUT | D5: 145 | E5: SO-9001
A6: 46239 | B6: SKU-1004 | C6: IN | D6: 60 | E6: PO-4404
A7: 46240 | B7: SKU-1005 | C7: IN | D7: 400 | E7: PO-4405
A8: 46241 | B8: SKU-1002 | C8: OUT | D8: 82 | E8: SO-9002
A9: 46242 | B9: SKU-1006 | C9: IN | D9: 800 | E9: PO-4406
A10: 46243 | B10: SKU-1007 | C10: IN | D10: 50 | E10: PO-4407
A11: 46244 | B11: SKU-1003 | C11: OUT | D11: 180 | E11: SO-9003
A12: 46245 | B12: SKU-1008 | C12: IN | D12: 150 | E12: PO-4408
A13: 46247 | B13: SKU-1004 | C13: OUT | D13: 60 | E13: SO-9004
... A19: 46259 | B19: SKU-1005 | C19: OUT | D19: 95 | E19: SO-9009

Sheet Dashboard
A1: SKU | B1: Description | C1: Received | D1: Issued | E1: On Hand | F1: Reorder Point | G1: Status | H1: Stock Value
A2: SKU-1001 | B2: Ceramic mug 350ml | C2: =SUMIFS(Movements!$D$2:$D$218,Movements!$B$2:$B$218,$A2,Movements!$C$2:$C$218,"IN") | D2: =SUMIFS(Movements!$D$2:$D$218,Movements!$B$2:$B$218,$A2,Movements!$C$2:$C$218,"OUT") | E2: =C2-D2 | F2: =VLOOKUP($A2,Items!$A:$G,5,FALSE) | G2: =IF(E2<=0,"OUT OF STOCK",IF(E2<=F2,"REORDER","OK")) | H2: =E2*VLOOKUP($A2,Items!$A:$G,4,FALSE)
A3: SKU-1002 | B3: Steel water bottle 750ml | C3: =SUMIFS(Movements!$D$2:$D$218,Movements!$B$2:$B$218,$A3,Movements!$C$2:$C$218,"IN") | D3: =SUMIFS(Movements!$D$2:$D$218,Movements!$B$2:$B$218,$A3,Movements!$C$2:$C$218,"OUT") | E3: =C3-D3 | F3: =VLOOKUP($A3,Items!$A:$G,5,FALSE) | G3: =IF(E3<=0,"OUT OF STOCK",IF(E3<=F3,"REORDER","OK")) | H3: =E3*VLOOKUP($A3,Items!$A:$G,4,FALSE)
A4: SKU-1003 | B4: Cotton tote bag | C4: =SUMIFS(Movements!$D$2:$D$218,Movements!$B$2:$B$218,$A4,Movements!$C$2:$C$218,"IN") | D4: =SUMIFS(Movements!$D$2:$D$218,Movements!$B$2:$B$218,$A4,Movements!$C$2:$C$218,"OUT") | E4: =C4-D4 | F4: =VLOOKUP($A4,Items!$A:$G,5,FALSE) | G4: =IF(E4<=0,"OUT OF STOCK",IF(E4<=F4,"REORDER","OK")) | H4: =E4*VLOOKUP($A4,Items!$A:$G,4,FALSE)
A5: SKU-1004 | B5: Laptop sleeve 14in | C5: =SUMIFS(Movements!$D$2:$D$218,Movements!$B$2:$B$218,$A5,Movements!$C$2:$C$218,"IN") | D5: =SUMIFS(Movements!$D$2:$D$218,Movements!$B$2:$B$218,$A5,Movements!$C$2:$C$218,"OUT") | E5: =C5-D5 | F5: =VLOOKUP($A5,Items!$A:$G,5,FALSE) | G5: =IF(E5<=0,"OUT OF STOCK",IF(E5<=F5,"REORDER","OK")) | H5: =E5*VLOOKUP($A5,Items!$A:$G,4,FALSE)
A6: SKU-1005 | B6: Notebook A5 dotted | C6: =SUMIFS(Movements!$D$2:$D$218,Movements!$B$2:$B$218,$A6,Movements!$C$2:$C$218,"IN") | D6: =SUMIFS(Movements!$D$2:$D$218,Movements!$B$2:$B$218,$A6,Movements!$C$2:$C$218,"OUT") | E6: =C6-D6 | F6: =VLOOKUP($A6,Items!$A:$G,5,FALSE) | G6: =IF(E6<=0,"OUT OF STOCK",IF(E6<=F6,"REORDER","OK")) | H6: =E6*VLOOKUP($A6,Items!$A:$G,4,FALSE)
A7: SKU-1006 | B7: Gel pen black | C7: =SUMIFS(Movements!$D$2:$D$218,Movements!$B$2:$B$218,$A7,Movements!$C$2:$C$218,"IN") | D7: =SUMIFS(Movements!$D$2:$D$218,Movements!$B$2:$B$218,$A7,Movements!$C$2:$C$218,"OUT") | E7: =C7-D7 | F7: =VLOOKUP($A7,Items!$A:$G,5,FALSE) | G7: =IF(E7<=0,"OUT OF STOCK",IF(E7<=F7,"REORDER","OK")) | H7: =E7*VLOOKUP($A7,Items!$A:$G,4,FALSE)
A8: SKU-1007 | B8: Desk lamp LED | C8: =SUMIFS(Movements!$D$2:$D$218,Movements!$B$2:$B$218,$A8,Movements!$C$2:$C$218,"IN") | D8: =SUMIFS(Movements!$D$2:$D$218,Movements!$B$2:$B$218,$A8,Movements!$C$2:$C$218,"OUT") | E8: =C8-D8 | F8: =VLOOKUP($A8,Items!$A:$G,5,FALSE) | G8: =IF(E8<=0,"OUT OF STOCK",IF(E8<=F8,"REORDER","OK")) | H8: =E8*VLOOKUP($A8,Items!$A:$G,4,FALSE)
A9: SKU-1008 | B9: Cable organiser pack | C9: =SUMIFS(Movements!$D$2:$D$218,Movements!$B$2:$B$218,$A9,Movements!$C$2:$C$218,"IN") | D9: =SUMIFS(Movements!$D$2:$D$218,Movements!$B$2:$B$218,$A9,Movements!$C$2:$C$218,"OUT") | E9: =C9-D9 | F9: =VLOOKUP($A9,Items!$A:$G,5,FALSE) | G9: =IF(E9<=0,"OUT OF STOCK",IF(E9<=F9,"REORDER","OK")) | H9: =E9*VLOOKUP($A9,Items!$A:$G,4,FALSE)
B10: TOTAL | H10: =SUM(H2:H9)
