Workbook

Sheet Staff
A1: Name | B1: Role | C1: Hourly Rate
A2: Ana Ruiz | B2: Barista | C2: 14.5
A3: Ben Cole | B3: Barista | C3: 14.5
A4: Chris Day | B4: Shift lead | C4: 17.25
A5: Dina Petrou | B5: Kitchen | C5: 15.75

Sheet Shifts
A1: Date | B1: Name | C1: Start | D1: End | E1: Break (min) | F1: Hours
A2: 46272 | B2: Ana Ruiz | C2: 0.29166667 | D2: 0.64583333 | E2: 30 | F2: =(IF(D2<C2,D2+1,D2)-C2)*24-E2/60
A3: 46272 | B3: Ben Cole | C3: 0.625 | D3: 0.95833333 | E3: 30 | F3: =(IF(D3<C3,D3+1,D3)-C3)*24-E3/60
A4: 46272 | B4: Chris Day | C4: 0.29166667 | D4: 0.66666667 | E4: 45 | F4: =(IF(D4<C4,D4+1,D4)-C4)*24-E4/60
A5: 46272 | B5: Dina Petrou | C5: 0.41666667 | D5: 0.75 | E5: 30 | F5: =(IF(D5<C5,D5+1,D5)-C5)*24-E5/60
A6: 46273 | B6: Ana Ruiz | C6: 0.29166667 | D6: 0.64583333 | E6: 30 | F6: =(IF(D6<C6,D6+1,D6)-C6)*24-E6/60
A7: 46273 | B7: Ben Cole | C7: 0.625 | D7: 0.97916667 | E7: 30 | F7: =(IF(D7<C7,D7+1,D7)-C7)*24-E7/60
A8: 46273 | B8: Chris Day | C8: 0.29166667 | D8: 0.66666667 | E8: 45 | F8: =(IF(D8<C8,D8+1,D8)-C8)*24-E8/60
A9: 46274 | B9: Ana Ruiz | C9: 0.29166667 | D9: 0.66666667 | E9: 30 | F9: =(IF(D9<C9,D9+1,D9)-C9)*24-E9/60
A10: 46274 | B10: Dina Petrou | C10: 0.41666667 | D10: 0.77083333 | E10: 30 | F10: =(IF(D10<C10,D10+1,D10)-C10)*24-E10/60
A11: 46274 | B11: Chris Day | C11: 0.5 | D11: 0.875 | E11: 45 | F11: =(IF(D11<C11,D11+1,D11)-C11)*24-E11/60
A12: 46275 | B12: Ana Ruiz | C12: 0.29166667 | D12: 0.64583333 | E12: 30 | F12: =(IF(D12<C12,D12+1,D12)-C12)*24-E12/60
A13: 46275 | B13: Ben Cole | C13: 0.625 | D13: 0.95833333 | E13: 30 | F13: =(IF(D13<C13,D13+1,D13)-C13)*24-E13/60
... A20: 46277 | B20: Ana Ruiz | C20: 0.29166667 | D20: 0.625 | E20: 30 | F20: =(IF(D20<C20,D20+1,D20)-C20)*24-E20/60

Sheet Pay
A1: Name | B1: Total Hours | C1: Regular | D1: Overtime | E1: Rate | F1: Regular Pay | G1: Overtime Pay | H1: Total Pay
A2: Ana Ruiz | B2: =SUMIFS(Shifts!$F$2:$F$219,Shifts!$B$2:$B$219,$A2) | C2: =MIN(B2,40) | D2: =MAX(B2-40,0) | E2: =VLOOKUP($A2,Staff!$A:$C,3,FALSE) | F2: =C2*E2 | G2: =D2*E2*1.5 | H2: =F2+G2
A3: Ben Cole | B3: =SUMIFS(Shifts!$F$2:$F$219,Shifts!$B$2:$B$219,$A3) | C3: =MIN(B3,40) | D3: =MAX(B3-40,0) | E3: =VLOOKUP($A3,Staff!$A:$C,3,FALSE) | F3: =C3*E3 | G3: =D3*E3*1.5 | H3: =F3+G3
A4: Chris Day | B4: =SUMIFS(Shifts!$F$2:$F$219,Shifts!$B$2:$B$219,$A4) | C4: =MIN(B4,40) | D4: =MAX(B4-40,0) | E4: =VLOOKUP($A4,Staff!$A:$C,3,FALSE) | F4: =C4*E4 | G4: =D4*E4*1.5 | H4: =F4+G4
A5: Dina Petrou | B5: =SUMIFS(Shifts!$F$2:$F$219,Shifts!$B$2:$B$219,$A5) | C5: =MIN(B5,40) | D5: =MAX(B5-40,0) | E5: =VLOOKUP($A5,Staff!$A:$C,3,FALSE) | F5: =C5*E5 | G5: =D5*E5*1.5 | H5: =F5+G5
A6: TOTAL | B6: =SUM(B2:B5) | F6: =SUM(F2:F5) | G6: =SUM(G2:G5) | H6: =SUM(H2:H5)
